category,title,file,file_size,scene_count,part_count,instruction_page_count,top_classes,intro
Circuits,555 Oscillator 2,Circuits/555 Oscillator 2.cxp,78599,1,19,0,presentation/trace:4; electronics/resistor:2; presentation/grid:2; presentation/axis:2; electronics/capacitor:1; electronics/voltrail:1; electronics/spst:1; electronics/vzero:1; electronics/555-timer:1; electronics/signal-lamp:1; presentation/graph:1; presentation/cliprect:1,
Circuits,555 monostable,Circuits/555 monostable.cxp,39033,1,11,0,electronics/resistor:2; electronics/diode:1; electronics/signal-lamp:1; electronics/spdt-relay:1; electronics/voltrail:1; electronics/pushmake:1; electronics/vzero:1; electronics/ecapacitor:1; electronics/555-timer:1; presentation/graph:1,
Circuits,555 oscillator 1,Circuits/555 oscillator 1.cxp,45450,1,11,0,electronics/resistor:4; electronics/green-led:1; electronics/red-led:1; electronics/555-timer:1; electronics/vzero:1; electronics/ecapacitor:1; electronics/voltrail:1; presentation/graph:1,
Circuits,AM Transmitter-Receiver,Circuits/AM Transmitter-Receiver.cxp,176397,3,13,0,electronics/resistor:5; electronics/capacitor:2; electronics/diode:2; electronics/vpulse:2; electronics/transformer:1; presentation/graph:1,
Circuits,Adder,Circuits/Adder.cxp,21381,3,9,0,electronics/resistor:2; electronics/red-led:2; electronics/latching-logic-input:2; electronics/and:1; electronics/xor:1; electronics/earth:1,
Circuits,Basic circuits,Circuits/Basic circuits.cxp,72355,1,29,6,presentation/parttray/2d:3; presentation/instructions:1; presentation/reload:1; presentation/pause:1; presentation/text:1; motion/origin:1; electronics/pictorial-battery:1; electronics/pictorial-fuse:1; electronics/pictorial-spst:1; electronics/pictorial-vresistor:1; electronics/pictorial-resistor:1; electronics/pictorial-buzzer:1,In this kit you will compare pictures of simple electronic components with their circuit symbols.
Circuits,Beating soundwave,Circuits/Beating soundwave.cxp,36359,3,5,0,electronics/vpulse:2; electronics/loudspeaker:1; electronics/earth:1; presentation/graph:1,
Circuits,Capacitor Discharging,Circuits/Capacitor Discharging.cxp,18122,1,5,0,electronics/ecapacitor:1; electronics/resistor:1; electronics/pushmake:1; electronics/battery:1; presentation/graph:1,
Circuits,Charge and Voltage,Circuits/Charge and Voltage.cxp,18416,3,5,0,electronics/resistor:1; electronics/capacitor:1; electronics/vslide:1; electronics/vzero:1; presentation/graph:1,
Circuits,Counter - 0 to 9,Circuits/Counter - 0 to 9.cxp,31641,1,11,0,electronics/latching-logic-input:3; electronics/earth:2; electronics/resistor:1; electronics/pushmake:1; electronics/decade-counter-bcd:1; electronics/decoder-4511:1; electronics/seven-segment-display:1; electronics/8-resistors:1,
Circuits,Counter - 0 to 99,Circuits/Counter - 0 to 99.cxp,55437,3,17,0,electronics/latching-logic-input:5; electronics/earth:2; electronics/decade-counter-bcd:2; electronics/decoder-4511:2; electronics/seven-segment-display:2; electronics/8-resistors:2; electronics/and:1; electronics/clock:1,
Circuits,Current-voltage graphs,Circuits/Current-voltage graphs.cxp,55863,1,24,7,presentation/trace:4; presentation/grid:2; presentation/axis:2; electronics/terminalblock:2; presentation/parttray/2d:1; presentation/instructions:1; presentation/reload:1; presentation/pause:1; presentation/text:1; electronics/vslide:1; electronics/vzero:1; electronics/ammeter:1,In this kit you will draw current-voltage graphs for different electrical components.
Circuits,Darlington Pair,Circuits/Darlington Pair.cxp,24367,1,10,0,electronics/npn:2; electronics/resistor:2; electronics/voltmeter:1; electronics/pushmake:1; electronics/signal-lamp:1; electronics/vzero:1; electronics/voltrail:1; electronics/ecapacitor:1,
Circuits,Decade Counter,Circuits/Decade Counter.cxp,21083,1,19,0,electronics/logic-output:14; electronics/latching-logic-input:2; electronics/clock:1; electronics/decade-counter-bcd:1; electronics/decoder:1,
Circuits,Dimmer Switch,Circuits/Dimmer Switch.cxp,14556,1,9,0,electronics/voltmeter:2; electronics/signal-lamp:2; electronics/earth:2; electronics/vresistor:1; electronics/voltrail:1; electronics/vslide:1,
Circuits,Doorbell,Circuits/Doorbell.cxp,7183,1,3,0,electronics/pictorial-pushmake:1; electronics/pictorial-battery-9v:1; electronics/pictorial-buzzer:1,
Circuits,Electronic Die,Circuits/Electronic Die.cxp,42603,1,24,0,electronics/resistor:7; electronics/red-led:7; electronics/and:2; electronics/or:2; electronics/latching-logic-input:1; electronics/pushmake:1; electronics/clock:1; electronics/vzero:1; electronics/inverter:1; electronics/binary-counter-with-enable:1,
Circuits,Fire Alarm,Circuits/Fire Alarm.cxp,107664,2,15,0,motion/origin:4; presentation/text:4; presentation/button:3; electronics/context-logic-input:2; electronics/or:1; electronics/context-logic-output:1,
Circuits,Fridge,Circuits/Fridge.cxp,11921,3,3,0,electronics/pushbreak:1; electronics/battery:1; electronics/signal-lamp:1,
Circuits,LDR and thermistor,Circuits/LDR and thermistor.cxp,83506,1,26,6,presentation/spinbox:4; motion/origin:2; electronics/terminalblock:2; flowcharts/readprop:2; flowcharts/ci-setvar:2; presentation/parttray/2d:1; presentation/instructions:1; presentation/reload:1; presentation/pause:1; presentation/text:1; electronics/thermistor:1; electronics/ldr-with-lamp:1,In this kit you will discover how the LDR (Light Dependent Resistor) and thermistor respond to changes in light and temperature.
Circuits,Landing Light,Circuits/Landing Light.cxp,10266,1,5,0,electronics/spdt:2; electronics/vzero:1; electronics/signal-lamp:1; electronics/voltrail:1,
Circuits,Landing light 2,Circuits/Landing light 2.cxp,64392,2,11,0,presentation/text:4; presentation/button:3; electronics/context-logic-input:2; electronics/context-logic-output:1; electronics/xor:1,
Circuits,Light Sensor 1,Circuits/Light Sensor 1.cxp,21285,1,9,0,electronics/resistor:3; electronics/vresistor:1; electronics/red-led:1; electronics/npn:1; electronics/voltrail:1; electronics/ldr-with-lamp:1; electronics/vzero:1,
Circuits,Light Sensor 2,Circuits/Light Sensor 2.cxp,27527,3,10,0,electronics/signal-lamp:2; electronics/ammeter:2; electronics/battery:2; electronics/resistor:1; electronics/npn:1; electronics/pushmake:1; electronics/ldr-and-lamp:1,
Circuits,Logic Gates,Circuits/Logic Gates.cxp,22074,1,14,0,electronics/logic-output:5; electronics/inverter:2; electronics/latching-logic-input:2; electronics/xor:1; electronics/nor:1; electronics/or:1; electronics/nand2:1; electronics/and:1,
Circuits,Maze,Circuits/Maze.cxp,15283,1,7,0,electronics/pushmake:5; electronics/battery:1; electronics/signal-lamp:1,
Circuits,Noise,Circuits/Noise.cxp,73591,3,11,0,electronics/resistor:3; electronics/voltrail:1; electronics/vzero:1; electronics/capacitor:1; electronics/loudspeaker:1; electronics/555-timer:1; electronics/vresistor:1; electronics/spst:1; presentation/graph:1,
Circuits,Ohm's law,Circuits/Ohm's law.cxp,66316,1,26,7,electronics/resistor:5; presentation/trace:4; presentation/grid:2; presentation/axis:2; electronics/terminalblock:2; presentation/parttray/2d:1; presentation/instructions:1; presentation/reload:1; presentation/pause:1; presentation/text:1; presentation/graph:1; presentation/cliprect:1,In this kit you will learn how the current through a resistor is related to the potential difference across the resistor.
Circuits,Ohms Law,Circuits/Ohms Law.cxp,16986,1,8,0,electronics/resistor:3; electronics/ammeter:3; electronics/vslide:1; electronics/vzero:1,
Circuits,Operational Amplifier - Saturation,Circuits/Operational Amplifier - Saturation.cxp,57451,3,6,0,electronics/resistor:2; electronics/vzero:1; electronics/opamp:1; presentation/graph:1; electronics/vpulse:1,
Circuits,Operational Amplifier,Circuits/Operational Amplifier.cxp,24211,1,11,0,electronics/resistor:4; electronics/voltrail:2; electronics/voltmeter:2; electronics/vzero:1; electronics/opamp:1; electronics/potentiometer:1,
Circuits,Overheating Alarm,Circuits/Overheating Alarm.cxp,112674,3,28,0,electronics/resistor:4; presentation/trace:4; motion/origin:3; presentation/grid:2; presentation/axis:2; electronics/buzzer:1; electronics/latching-logic-input:1; electronics/vresistor:1; electronics/vzero:1; electronics/voltrail:1; electronics/spst:1; electronics/thermistor:1,
Circuits,Parallel circuits,Circuits/Parallel circuits.cxp,105828,1,23,6,electronics/ammeter:6; electronics/voltmeter:4; electronics/signal-lamp:4; electronics/spst:4; presentation/instructions:1; presentation/reload:1; presentation/pause:1; presentation/text:1; electronics/battery:1,In this kit you will learn how current and voltage are distributed in parallel circuits.
Circuits,Potential Divider,Circuits/Potential Divider.cxp,9811,1,4,0,electronics/vzero:1; electronics/voltmeter:1; electronics/voltrail:1; electronics/potentiometer:1,
Circuits,Pressure Sensing Alarm 1,Circuits/Pressure Sensing Alarm 1.cxp,17256,1,9,0,electronics/nand2:2; electronics/buzzer:1; electronics/inverter:1; electronics/spdt:1; electronics/vzero:1; electronics/resistor:1; electronics/voltrail:1; electronics/pushbreak:1,
Circuits,Pressure Sensing Alarm 2,Circuits/Pressure Sensing Alarm 2.cxp,24187,1,9,0,electronics/buzzer:1; electronics/vzero:1; electronics/pushbreak:1; electronics/npn:1; electronics/resistor:1; electronics/diode:1; electronics/spdt-relay:1; electronics/spst:1; electronics/voltrail:1,
Circuits,Puzzle,Circuits/Puzzle.cxp,22138,3,8,0,electronics/spst:2; electronics/spdt:2; electronics/dpdt:1; electronics/dpst:1; electronics/signal-lamp:1; electronics/battery:1,
Circuits,Relay,Circuits/Relay.cxp,29363,1,13,0,electronics/resistor:3; electronics/pushmake:2; electronics/voltrail:1; electronics/battery:1; electronics/buzzer:1; electronics/spdt-relay:1; electronics/diode:1; electronics/npn:1; electronics/vzero:1; electronics/vresistor:1,
Circuits,Security System,Circuits/Security System.cxp,122688,1,19,0,presentation/button:7; electronics/context-logic-input:5; electronics/context-logic-output:2; electronics/and:2; electronics/or:2; presentation/text:1,
Circuits,Series circuits (batteries),Circuits/Series circuits (batteries).cxp,54069,1,10,5,electronics/battery:3; electronics/spdt:2; presentation/instructions:1; presentation/reload:1; presentation/pause:1; presentation/text:1; electronics/voltmeter:1,In this kit you will learn how potential difference changes when batteries are connected in series.
Circuits,Series circuits (lamps),Circuits/Series circuits (lamps).cxp,124957,1,28,6,electronics/ammeter:6; electronics/signal-lamp:6; electronics/voltmeter:6; electronics/battery:3; electronics/spst:3; presentation/instructions:1; presentation/reload:1; presentation/pause:1; presentation/text:1,In this kit you will learn how current and potential difference are distributed in series circuits.
Circuits,Series circuits (resistors),Circuits/Series circuits (resistors).cxp,106321,1,22,5,electronics/resistor:9; electronics/battery:3; electronics/ammeter:3; electronics/spst:3; presentation/instructions:1; presentation/reload:1; presentation/pause:1; presentation/text:1,In this kit you will learn how to calculate the total resistance of resistors in series.
Circuits,Thyristor Controlling Motor,Circuits/Thyristor Controlling Motor.cxp,13313,1,6,0,electronics/motor:1; electronics/battery:1; electronics/pushbreak:1; electronics/pushmake:1; electronics/resistor:1; electronics/thyristor:1,
Circuits,Torch - Batteries Correct,Circuits/Torch - Batteries Correct.cxp,10891,1,6,0,electronics/pictorial-battery:4; electronics/pictorial-spst:1; electronics/pictorial-filament-lamp:1,
Circuits,Torch - Batteries Wrong,Circuits/Torch - Batteries Wrong.cxp,9943,1,6,0,electronics/pictorial-battery:4; electronics/pictorial-filament-lamp:1; electronics/pictorial-spst:1,
Circuits,Traffic Lights 1,Circuits/Traffic Lights 1.cxp,27273,1,14,0,electronics/resistor:3; electronics/dtype-flipflop:2; electronics/inverter:2; electronics/xor:1; electronics/clock:1; electronics/earth:1; electronics/red-led:1; electronics/yellow-led:1; electronics/green-led:1; electronics/and:1,
Circuits,Traffic Lights 2,Circuits/Traffic Lights 2.cxp,29238,1,16,0,electronics/latching-logic-input:3; electronics/resistor:3; electronics/jk-flipflop:2; electronics/inverter:2; electronics/clock:1; electronics/earth:1; electronics/red-led:1; electronics/yellow-led:1; electronics/green-led:1; electronics/and:1,
Circuits,Transistor,Circuits/Transistor.cxp,25535,1,10,0,electronics/resistor:5; electronics/voltmeter:1; electronics/battery:1; electronics/red-led:1; electronics/npn:1; electronics/spst:1,
Circuits,Wheatstone Bridge,Circuits/Wheatstone Bridge.cxp,16012,1,6,0,electronics/resistor:2; electronics/battery:1; electronics/ldr-with-lamp:1; electronics/vresistor:1; electronics/ammeter:1,
Circuits,x10 Inverting Amplifier,Circuits/x10 Inverting Amplifier.cxp,13329,1,7,0,electronics/earth:2; electronics/resistor:2; electronics/voltmeter:1; electronics/vslide:1; electronics/opamp:1,
Circuits,x10 Non-Inverting Amplifier,Circuits/x10 Non-Inverting Amplifier.cxp,13327,1,7,0,electronics/earth:2; electronics/resistor:2; electronics/voltmeter:1; electronics/vslide:1; electronics/opamp:1,
Describing Motion,Acceleration,Describing Motion/Acceleration.cxp,304024,1,26,8,motion/metal-block2:6; presentation/trace:4; motion/origin:2; presentation/grid:2; presentation/axis:2; presentation/spinbox:2; presentation/instructions:1; presentation/reload:1; presentation/pause:1; presentation/text:1; motion/ideal-inelastic-ground:1; presentation/graph:1,In this kit you will learn how acceleration can be found from a velocity-time graph.
Describing Motion,Distance-time graph 1,Describing Motion/Distance-time graph 1.cxp,41318,3,22,0,motion/origin:4; presentation/trace:4; presentation/text:3; presentation/grid:2; presentation/axis:2; motion/cart:1; motion/ideal-inelastic-ground:1; presentation/spinbox:1; presentation/graph:1; presentation/cliprect:1; presentation/reload:1; presentation/pause:1,
Describing Motion,Distance-time graph 2,Describing Motion/Distance-time graph 2.cxp,42910,3,23,0,motion/origin:4; presentation/trace:4; presentation/text:3; presentation/spinbox:2; presentation/grid:2; presentation/axis:2; motion/cart:1; motion/ideal-inelastic-ground:1; presentation/graph:1; presentation/cliprect:1; presentation/reload:1; presentation/pause:1,
Describing Motion,Distance-time graph 3,Describing Motion/Distance-time graph 3.cxp,25080,3,9,0,motion/origin:4; motion/space:1; motion/cart:1; motion/ideal-inelastic-ground:1; presentation/graph:1; presentation/text:1,
Describing Motion,Distance-time graphs,Describing Motion/Distance-time graphs.cxp,307099,1,25,11,motion/metal-block2:6; presentation/trace:4; motion/origin:2; presentation/grid:2; presentation/axis:2; presentation/parttray/2d:1; presentation/instructions:1; presentation/reload:1; presentation/pause:1; presentation/text:1; motion/ideal-inelastic-ground:1; presentation/graph:1,In this kit you will learn about the shapes of distance-time graphs for stationary and moving bodies.
Describing Motion,Speed-time graph 1,Describing Motion/Speed-time graph 1.cxp,40069,3,22,0,motion/origin:4; presentation/trace:4; presentation/text:3; presentation/grid:2; presentation/axis:2; motion/cart:1; motion/ideal-inelastic-ground:1; presentation/spinbox:1; presentation/graph:1; presentation/cliprect:1; presentation/reload:1; presentation/pause:1,
Describing Motion,Speed-time graph 2,Describing Motion/Speed-time graph 2.cxp,42471,3,23,0,motion/origin:4; presentation/trace:4; presentation/text:3; presentation/spinbox:2; presentation/grid:2; presentation/axis:2; motion/cart:1; motion/ideal-inelastic-ground:1; presentation/graph:1; presentation/cliprect:1; presentation/reload:1; presentation/pause:1,
Describing Motion,Velocity-time graphs,Describing Motion/Velocity-time graphs.cxp,303631,1,24,6,motion/metal-block2:6; presentation/trace:4; motion/origin:2; presentation/grid:2; presentation/axis:2; presentation/instructions:1; presentation/reload:1; presentation/pause:1; presentation/text:1; motion/ideal-inelastic-ground:1; presentation/parttray/2d:1; presentation/graph:1,In this kit you will learn about the shapes of velocity-time graphs for bodies moving with constant velocity.
Electrical Energy,AC Rectifier 1,Electrical Energy/AC Rectifier 1.cxp,29308,1,10,0,electronics/diode:4; electronics/earth:1; electronics/voltmeter:1; electronics/resistor:1; electronics/vpulse:1; presentation/graph:1; motion/origin:1,
Electrical Energy,AC Rectifier 2,Electrical Energy/AC Rectifier 2.cxp,33476,1,11,0,electronics/diode:4; electronics/earth:1; electronics/voltmeter:1; electronics/resistor:1; electronics/vpulse:1; electronics/ecapacitor:1; presentation/graph:1; motion/origin:1,
Electrical Energy,AC Rectifier 3,Electrical Energy/AC Rectifier 3.cxp,37595,1,13,0,electronics/diode:4; electronics/vpulse:1; electronics/spst:1; electronics/transformer:1; electronics/ecapacitor:1; electronics/earth:1; electronics/voltmeter:1; electronics/resistor:1; presentation/graph:1; motion/origin:1,
Electrical Energy,Alternating and direct current,Electrical Energy/Alternating and direct current.cxp,45047,1,20,3,presentation/trace:4; presentation/grid:2; presentation/axis:2; electronics/voltmeter:2; electronics/spst:2; presentation/instructions:1; presentation/reload:1; presentation/pause:1; presentation/text:1; presentation/graph:1; presentation/cliprect:1; electronics/battery:1,In this kit you will learn the difference between a.c. and d.c.
Electrical Energy,Cost of energy,Electrical Energy/Cost of energy.cxp,846821,1,276,8,flowcharts/stop:37; flowcharts/on-event:34; flowcharts/action:34; motion/origin:21; presentation/spinbox:21; presentation/image:19; electronics/resistor:17; electronics/earth:17; electronics/spst:17; presentation/editbox:8; flowcharts/setprop:5; flowcharts/ci-setvar:5,In this kit you will find out how much electrical energy is used in common household appliances and how much this energy costs.
Electrical Energy,Electrical power,Electrical Energy/Electrical power.cxp,297478,1,114,7,flowcharts/on-event:16; flowcharts/stop:16; flowcharts/action:16; motion/origin:9; presentation/image:9; electronics/resistor:8; electronics/earth:8; presentation/spinbox:8; electronics/spst:8; electronics/ammeter:2; presentation/parttray/2d:1; presentation/instructions:1,In this kit you will learn how to calculate the power of an electrical appliance from the potential difference across it and the current through it.
Electrical Energy,Electromechanics,Electrical Energy/Electromechanics.cxp,20690,3,7,0,electronics/motor:2; electronics/battery:1; electronics/pushmake:1; motion/double-gear:1; motion/connected-electric-motor:1; motion/flywheel-and-gear:1,
Electrical Energy,Fuses,Electrical Energy/Fuses.cxp,197857,1,81,6,electronics/spst:8; flowcharts/on-event:8; flowcharts/stop:8; flowcharts/action:8; electronics/terminalblock:8; electronics/fuse:4; electronics/voltrail:4; electronics/ammeter:4; motion/origin:4; electronics/resistor:4; electronics/earth:4; presentation/spinbox:4,In this kit you will learn how to choose the right fuse to protect an electrical appliance and its users from short circuits or surges of current.
Electrical Energy,High power appliances,Electrical Energy/High power appliances.cxp,509697,1,159,5,flowcharts/stop:19; flowcharts/on-event:16; flowcharts/action:16; motion/origin:12; presentation/spinbox:12; presentation/image:10; electronics/resistor:8; electronics/earth:8; electronics/spst:8; presentation/editbox:8; flowcharts/setprop:5; flowcharts/ci-setvar:5,In this kit you will learn how the power usage of electrical appliances is calculated and that the total cost depends on which appliances we use and for how long.
Electrical Energy,Low power appliances,Electrical Energy/Low power appliances.cxp,606556,1,172,5,flowcharts/stop:21; flowcharts/on-event:18; flowcharts/action:18; motion/origin:13; presentation/spinbox:13; presentation/image:11; electronics/resistor:9; electronics/earth:9; electronics/spst:9; presentation/editbox:8; flowcharts/setprop:5; flowcharts/ci-setvar:5,In this kit you will learn how the power usage of electrical appliances is calculated and that the total cost depends on which appliances we use and for how long.
Electrical Energy,Model car design,Electrical Energy/Model car design.cxp,33814,3,12,0,motion/origin:4; motion/flywheel-and-gear:2; electronics/dpdt:1; electronics/battery:1; electronics/spst:1; motion/double-gear:1; motion/connected-electric-motor:1; electronics/motor:1,
Electrical Energy,Transformers,Electrical Energy/Transformers.cxp,138304,1,42,3,presentation/text:11; electronics/transformer:10; electronics/terminalblock:8; electronics/voltmeter:4; presentation/parttray/2d:2; electronics/resistor:2; presentation/instructions:1; presentation/reload:1; presentation/pause:1; electronics/signal-lamp:1; electronics/vpulse:1,In this kit you will discover how transformers are used to change the voltage in power lines to save energy.
Electrical Energy,Transforming energy,Electrical Energy/Transforming energy.cxp,460617,1,164,5,flowcharts/on-event:24; flowcharts/stop:24; flowcharts/action:24; motion/origin:13; electronics/resistor:12; electronics/earth:12; presentation/spinbox:12; presentation/image:12; electronics/spst:12; presentation/parttray/2d:1; presentation/instructions:1; presentation/reload:1,In this kit you will explore examples of energy transformation in electrical appliances.
Energy and Motion,Change in energy 1,Energy and Motion/Change in energy 1.cxp,48118,3,31,0,presentation/trace:8; motion/origin:4; presentation/grid:4; presentation/axis:4; presentation/text:3; presentation/graph:2; presentation/cliprect:2; motion/ideal-inelastic-slope:1; motion/ideal-inelastic-block:1; presentation/pause:1; presentation/reload:1,
Energy and Motion,Change in energy 2,Energy and Motion/Change in energy 2.cxp,26863,3,9,0,motion/origin:3; presentation/graph:2; motion/concrete-ball:1; motion/ideal-elastic-ground:1; presentation/image:1; presentation/text:1,
Energy and Motion,Change in momentum,Energy and Motion/Change in momentum.cxp,52912,1,18,6,presentation/trace:4; presentation/grid:2; presentation/axis:2; presentation/instructions:1; presentation/reload:1; presentation/pause:1; presentation/text:1; presentation/graph:1; presentation/cliprect:1; presentation/spinbox:1; motion/origin:1; motion/ideal-inelastic-ground:1,In this kit you will learn how momentum and force are related.
Energy and Motion,Conservation of momentum,Energy and Motion/Conservation of momentum.cxp,100083,1,26,11,motion/ideal-elastic-ball:5; presentation/trace:4; presentation/spinbox:3; motion/origin:2; presentation/grid:2; presentation/axis:2; presentation/parttray/2d:1; presentation/instructions:1; presentation/reload:1; presentation/pause:1; presentation/text:1; motion/ideal-inelastic-ground:1,In this kit you will learn that momentum is conserved in a perfectly elastic collision.
Energy and Motion,Definition of momentum,Energy and Motion/Definition of momentum.cxp,49731,1,15,7,motion/ideal-elastic-ball:4; presentation/spinbox:3; motion/origin:2; presentation/instructions:1; presentation/reload:1; presentation/pause:1; presentation/text:1; motion/ideal-inelastic-ground:1; presentation/parttray/2d:1,In this kit you will be introduced to the idea of momentum.
Energy and Motion,Elastic potential energy,Energy and Motion/Elastic potential energy.cxp,52719,1,18,5,presentation/trace:4; presentation/grid:2; presentation/axis:2; presentation/instructions:1; presentation/reload:1; presentation/pause:1; presentation/text:1; presentation/graph:1; presentation/cliprect:1; motion/origin:1; motion/ideal-inelastic-ground:1; motion/ideal-elastic-ball:1,In this kit you will learn that elastic potential energy increases as work is done to change a body's shape.
Energy and Motion,Energy changes,Energy and Motion/Energy changes.cxp,82646,3,31,0,presentation/trace:8; motion/origin:4; presentation/grid:4; presentation/axis:4; motion/ideal-elastic-ball:3; presentation/spinbox:3; presentation/graph:2; presentation/cliprect:2; motion/ideal-elastic-ground:1,
Energy and Motion,Gravitational potential energy,Energy and Motion/Gravitational potential energy.cxp,43569,3,23,0,motion/origin:4; presentation/trace:4; presentation/text:3; presentation/spinbox:2; presentation/grid:2; presentation/axis:2; motion/ideal-inelastic-ground:1; motion/ideal-inelastic-ball:1; presentation/graph:1; presentation/cliprect:1; presentation/reload:1; presentation/pause:1,
Energy and Motion,Hooke's Law,Energy and Motion/Hooke's Law.cxp,24234,3,8,0,motion/origin:3; motion/ideal-elastic-ground:1; presentation/graph:1; motion/metal-block:1; presentation/text:1; presentation/spinbox:1,
Energy and Motion,Ideal elastic collision,Energy and Motion/Ideal elastic collision.cxp,53534,3,31,0,presentation/trace:8; motion/origin:4; presentation/grid:4; presentation/axis:4; presentation/text:2; motion/cart:2; presentation/graph:2; presentation/cliprect:2; motion/ideal-inelastic-ground:1; presentation/pause:1; presentation/reload:1,
Energy and Motion,Ideal inelastic collision,Energy and Motion/Ideal inelastic collision.cxp,53494,3,31,0,presentation/trace:8; motion/origin:4; presentation/grid:4; presentation/axis:4; presentation/text:2; motion/cart:2; presentation/graph:2; presentation/cliprect:2; motion/ideal-inelastic-ground:1; presentation/pause:1; presentation/reload:1,
Energy and Motion,Kinetic energy (changing mass),Energy and Motion/Kinetic energy (changing mass).cxp,298370,1,18,7,motion/metal-block2:6; presentation/spinbox:4; motion/origin:2; presentation/instructions:1; presentation/reload:1; presentation/pause:1; presentation/text:1; motion/concrete-ground:1; presentation/parttray/2d:1,In this kit you will learn that kinetic energy increases as the mass of a moving body increases.
Energy and Motion,Kinetic energy (changing speed),Energy and Motion/Kinetic energy (changing speed).cxp,213814,1,9,5,presentation/spinbox:2; presentation/instructions:1; presentation/reload:1; presentation/pause:1; presentation/text:1; motion/origin:1; motion/concrete-ground:1; motion/metal-block2:1,In this kit you will learn that kinetic energy increases as the speed of a moving body increases.
Energy and Motion,Kinetic energy,Energy and Motion/Kinetic energy.cxp,22688,3,12,0,motion/origin:4; presentation/spinbox:3; presentation/text:1; motion/space:1; motion/ideal-inelastic-ball:1; presentation/pause:1; presentation/reload:1,
Energy and Motion,Momentum in elastic collisions,Energy and Motion/Momentum in elastic collisions.cxp,38678,3,18,0,motion/origin:4; presentation/trace:4; motion/ideal-elastic-ball:2; presentation/grid:2; presentation/axis:2; presentation/text:1; motion/ideal-inelastic-ground:1; presentation/graph:1; presentation/cliprect:1,
Energy and Motion,Momentum in inelastic collisions,Energy and Motion/Momentum in inelastic collisions.cxp,38656,3,18,0,motion/origin:4; presentation/trace:4; presentation/grid:2; presentation/axis:2; presentation/text:1; motion/ideal-inelastic-ground:1; motion/basketball:1; motion/soccer-ball:1; presentation/graph:1; presentation/cliprect:1,
Energy and Motion,Momentum,Energy and Motion/Momentum.cxp,22815,3,11,0,motion/origin:4; presentation/spinbox:3; motion/space:1; motion/ideal-inelastic-ground:1; motion/cart:1; presentation/text:1,
Energy and Motion,Semi-elastic collision,Energy and Motion/Semi-elastic collision.cxp,54012,3,31,0,presentation/trace:8; motion/origin:4; presentation/grid:4; presentation/axis:4; presentation/text:2; presentation/graph:2; presentation/cliprect:2; motion/cart:2; presentation/pause:1; presentation/reload:1; motion/ideal-inelastic-ground:1,
Energy and Motion,Springs - energy,Energy and Motion/Springs - energy.cxp,44391,3,35,0,presentation/trace:12; presentation/grid:6; presentation/axis:6; motion/origin:3; presentation/graph:3; presentation/cliprect:3; motion/ideal-inelastic-ball:1; motion/ideal-elastic-ground:1,
Energy and Motion,Work done,Energy and Motion/Work done.cxp,92946,1,24,5,presentation/spinbox:5; flowcharts/on-event:3; flowcharts/setprop:3; flowcharts/stop:3; flowcharts/readprop:2; presentation/instructions:1; presentation/text:1; motion/origin:1; motion/concrete-ground:1; motion/ideal-elastic-block:1; presentation/image:1; presentation/reload:1,In this kit you will learn how work done is calculated from the force applied to an object and the distance travelled in the direction of the force.
Force and Acceleration,Balanced forces,Force and Acceleration/Balanced forces.cxp,30582,3,10,0,motion/origin:4; presentation/spinbox:2; presentation/text:1; motion/space:1; motion/ideal-inelastic-block:1; motion/ideal-inelastic-ground:1,
Force and Acceleration,Circular motion (changing mass),Force and Acceleration/Circular motion (changing mass).cxp,75544,1,11,6,motion/ideal-elastic-ball:4; presentation/instructions:1; presentation/reload:1; presentation/pause:1; presentation/text:1; motion/origin:1; presentation/spinbox:1; presentation/parttray/2d:1,In this kit you will learn that the centripetal force acting on an object in circular motion increases with the mass of the object.
Force and Acceleration,Circular motion (changing radius),Force and Acceleration/Circular motion (changing radius).cxp,35462,1,8,4,presentation/spinbox:2; presentation/instructions:1; presentation/reload:1; presentation/pause:1; presentation/text:1; motion/origin:1; motion/ideal-elastic-ball:1,In this kit you will learn that the centripetal force acting on an object in circular motion changes with increasing distance between the object and its centre of motion.
Force and Acceleration,Defining the Newton,Force and Acceleration/Defining the Newton.cxp,46618,3,11,0,motion/origin:4; motion/space:1; motion/brick:1; motion/wood-block:1; motion/concrete-ball:1; motion/metal-ball:1; presentation/text:1; presentation/graph:1,
Force and Acceleration,Forces on a vehicle,Force and Acceleration/Forces on a vehicle.cxp,84527,2,11,0,motion/origin:4; motion/concrete-ground:2; motion/rubber-block:2; presentation/text:2; presentation/spinbox:1,
Force and Acceleration,Friction,Force and Acceleration/Friction.cxp,42102,3,12,0,motion/origin:5; motion/wood-ground:2; motion/wood-block:2; presentation/spinbox:2; presentation/text:1,
Force and Acceleration,Gravity and weight,Force and Acceleration/Gravity and weight.cxp,627875,3,24,0,motion/origin:6; presentation/text:4; motion/space:3; motion/ideal-elastic-ground:3; presentation/image:3; motion/basketball:3; presentation/reload:1; presentation/pause:1,
Force and Acceleration,Measuring g,Force and Acceleration/Measuring g.cxp,28509,3,20,0,presentation/trace:4; presentation/text:3; motion/origin:3; presentation/grid:2; presentation/axis:2; presentation/graph:1; presentation/cliprect:1; motion/ideal-inelastic-ground:1; motion/metal-ball:1; presentation/reload:1; presentation/pause:1,
Force and Acceleration,Moving sideways and downwards,Force and Acceleration/Moving sideways and downwards.cxp,31212,3,13,0,motion/origin:4; presentation/text:3; motion/ideal-inelastic-ball:2; motion/space:1; motion/ideal-inelastic-ground:1; presentation/reload:1; presentation/pause:1,
Force and Acceleration,Moving up and down,Force and Acceleration/Moving up and down.cxp,30569,3,21,0,presentation/trace:4; presentation/text:3; motion/origin:3; presentation/grid:2; presentation/axis:2; presentation/graph:1; presentation/cliprect:1; motion/ideal-inelastic-ground:1; presentation/spinbox:1; motion/cricket-ball:1; presentation/reload:1; presentation/pause:1,
Force and Acceleration,Newton's first law,Force and Acceleration/Newton's first law.cxp,101336,1,22,5,flowcharts/on-event:4; flowcharts/setprop:4; flowcharts/stop:4; motion/origin:2; presentation/instructions:1; presentation/reload:1; presentation/pause:1; presentation/text:1; motion/ideal-elastic-ball:1; motion/ideal-elastic-block:1; presentation/image:1; presentation/button:1,"In this kit you will learn that, if no external resultant force is acting on a body, it will: if stationary; remain stationary if moving; keep moving at a constant speed in a straight line."
Force and Acceleration,Newton's second law,Force and Acceleration/Newton's second law.cxp,146914,1,36,5,flowcharts/setprop:8; flowcharts/on-event:6; flowcharts/stop:6; motion/origin:3; presentation/spinbox:3; motion/ideal-elastic-block:2; presentation/image:2; presentation/instructions:1; presentation/reload:1; presentation/pause:1; presentation/text:1; presentation/button:1,"In this kit you will learn that the heavier an object, the more force is needed to provide the same acceleration."
Force and Acceleration,Newton's third law,Force and Acceleration/Newton's third law.cxp,80727,1,10,5,motion/cart:2; presentation/spinbox:2; presentation/instructions:1; presentation/reload:1; presentation/pause:1; presentation/text:1; motion/origin:1; motion/ideal-inelastic-ground:1,"In this kit you will learn that whenever one object exerts a force on a second, the second object exerts an equal but opposite force on the first."
Force and Acceleration,Pendulums - different amplitudes,Force and Acceleration/Pendulums - different amplitudes.cxp,34504,3,10,0,motion/metal-ball:4; motion/origin:3; motion/wood-ground:1; presentation/graph:1; presentation/text:1,
Force and Acceleration,Pendulums - different lengths,Force and Acceleration/Pendulums - different lengths.cxp,33513,3,10,0,motion/metal-ball:4; motion/origin:3; presentation/graph:1; presentation/text:1; motion/wood-ground:1,
Force and Acceleration,Pendulums - different masses,Force and Acceleration/Pendulums - different masses.cxp,33198,3,10,0,motion/metal-ball:4; motion/origin:3; motion/wood-ground:1; presentation/graph:1; presentation/text:1,
Force and Acceleration,Pendulums - velocity and displacement,Force and Acceleration/Pendulums - velocity and displacement.cxp,16187,3,6,0,motion/origin:3; presentation/graph:1; motion/ideal-inelastic-ball:1; motion/rubber-ground:1,
Force and Acceleration,Resultant forces,Force and Acceleration/Resultant forces.cxp,64106,1,8,5,motion/ideal-inelastic-block:3; presentation/instructions:1; presentation/reload:1; presentation/pause:1; presentation/text:1; motion/origin:1,In this kit you will learn that a combination of unbalanced forces can be represented by a single force. This is known as the resultant force.
Force and Acceleration,SHM,Force and Acceleration/SHM.cxp,24660,3,7,0,motion/origin:3; presentation/graph:2; motion/rubber-ground:1; motion/cart:1,
Force and Acceleration,Springs - displacement and velocity,Force and Acceleration/Springs - displacement and velocity.cxp,23047,3,7,0,motion/origin:3; presentation/graph:2; motion/ideal-elastic-ball:1; motion/ideal-inelastic-ground:1,
Force and Acceleration,Springs - forces,Force and Acceleration/Springs - forces.cxp,18007,3,6,0,motion/origin:3; motion/ideal-inelastic-ball:1; motion/ideal-elastic-ground:1; presentation/graph:1,
Force and Acceleration,Springs - velocity and acceleration,Force and Acceleration/Springs - velocity and acceleration.cxp,21736,3,8,0,motion/origin:3; presentation/graph:3; motion/ideal-elastic-ball:1; motion/ideal-inelastic-ground:1,
Force and Acceleration,Toppling tractors,Force and Acceleration/Toppling tractors.cxp,131320,1,12,7,motion/metal-block2:3; motion/origin:2; presentation/parttray/2d:1; presentation/instructions:1; presentation/reload:1; presentation/pause:1; presentation/text:1; motion/concrete-slope:1; presentation/spinbox:1,In this kit you will discover how the weight of a body acting about its centre of mass affects its stability.
Force and Acceleration,Unequal forces,Force and Acceleration/Unequal forces.cxp,85760,1,12,7,presentation/spinbox:4; motion/cart:2; presentation/instructions:1; presentation/reload:1; presentation/pause:1; presentation/text:1; motion/origin:1; motion/ideal-inelastic-ground:1,In this kit you will learn that unbalanced forces produce an acceleration that is proportional to the unbalanced force.
Force and Acceleration,Velocity changes,Force and Acceleration/Velocity changes.cxp,72582,3,22,0,motion/origin:4; presentation/trace:4; presentation/spinbox:4; motion/ideal-elastic-ball:2; presentation/grid:2; presentation/axis:2; motion/space:1; motion/ideal-elastic-ground:1; presentation/graph:1; presentation/cliprect:1,
Force and Acceleration,Weight,Force and Acceleration/Weight.cxp,243560,1,21,6,presentation/text:4; motion/origin:4; motion/ideal-inelastic-ground:3; presentation/instructions:1; presentation/reload:1; presentation/pause:1; presentation/parttray/2d:1; motion/tennis-ball:1; motion/golf-ball:1; motion/metal-ball2:1; motion/basketball:1; motion/soccer-ball:1,In this kit you will learn how the weight of an object is related to its mass.
Optics,Angles of reflection,Optics/Angles of reflection.cxp,35359,1,11,5,presentation/parttray/2d:2; presentation/protractor:2; presentation/instructions:1; presentation/reload:1; presentation/pause:1; presentation/text:1; optics/aa-part:1; optics/planeMirror:1; optics/rayBox:1,In this kit you will learn how rays of light are reflected in a plane mirror.
Optics,Binoculars,Optics/Binoculars.cxp,330900,3,19,0,motion/origin:4; optics/convexLens:4; optics/planeMirror:4; optics/aa-part:2; optics/farAxisObject:2; optics/opticsGraphic:2; presentation/image:1,
Optics,Box of Light,Optics/Box of Light.cxp,45494,3,243,0,optics/raySegment:232; motion/origin:4; optics/planeMirror:4; optics/opticalSpace:1; optics/aa-part:1; optics/rayBox:1,
Optics,Caustic Curve,Optics/Caustic Curve.cxp,48107,3,206,0,optics/raySegment:198; motion/origin:4; optics/opticalSpace:1; optics/aa-part:1; optics/concaveMirror:1; optics/rayBox:1,
Optics,Colour Mixing,Optics/Colour Mixing.cxp,45612,3,110,0,optics/beamSegment:46; optics/fadedPolygon:46; optics/torch:9; motion/origin:5; optics/opticalSpace:2; optics/aa-part:2,
Optics,Colours of Light,Optics/Colours of Light.cxp,45263,3,11,0,waves/1d/wavespace/propagation:7; motion/origin:3; presentation/text:1,
Optics,Converging Lenses 1,Optics/Converging Lenses 1.cxp,33735,3,93,0,optics/raySegment:81; motion/origin:4; optics/rayBox:3; optics/convexLens:3; optics/opticalSpace:1; optics/aa-part:1,
Optics,Converging Lenses 2,Optics/Converging Lenses 2.cxp,43246,3,150,0,optics/raySegment:135; optics/convexLens:6; motion/origin:4; optics/rayBox:3; optics/opticalSpace:1; optics/aa-part:1,
Optics,Converging and Diverging Lenses,Optics/Converging and Diverging Lenses.cxp,33653,3,102,0,optics/raySegment:90; motion/origin:4; optics/rayBox:2; optics/concaveLens:2; optics/convexLens:2; optics/opticalSpace:1; optics/aa-part:1,
Optics,Convex Mirror,Optics/Convex Mirror.cxp,36092,3,83,0,optics/raySegment:70; motion/origin:5; optics/opticalSpace:2; optics/aa-part:2; optics/convexMirror:2; optics/rayBox:2,
Optics,Convex and concave mirrors,Optics/Convex and concave mirrors.cxp,142551,1,37,4,flowcharts/setprop:6; motion/origin:5; flowcharts/on-button:4; flowcharts/stop:4; flowcharts/readprop:4; presentation/button:3; flowcharts/test:2; presentation/instructions:1; presentation/reload:1; presentation/pause:1; presentation/text:1; optics/aa-part:1,In this kit you will construct ray diagrams involving convex and concave mirrors.
Optics,Determining f - Mirror Method,Optics/Determining f - Mirror Method.cxp,54484,3,255,0,optics/raySegment:240; optics/axisImage:6; motion/origin:4; optics/opticalSpace:1; optics/aa-part:1; optics/planeMirror:1; optics/convexLens:1; optics/nearAxisObject:1,
Optics,Determining f - Ray Method,Optics/Determining f - Ray Method.cxp,51731,3,80,0,optics/raySegment:61; optics/axisImage:10; motion/origin:4; optics/convexLens:2; optics/opticalSpace:1; optics/aa-part:1; optics/nearAxisObject:1,
Optics,Distant Object,Optics/Distant Object.cxp,55951,3,7,0,optics/farAxisObject:2; optics/opticsGraphic:2; optics/aa-part:1; optics/convexLens:1; optics/concaveLens:1,
Optics,Diverging Lenses 1,Optics/Diverging Lenses 1.cxp,23758,3,25,0,optics/beamSegment:8; optics/fadedPolygon:8; motion/origin:4; optics/opticalSpace:1; optics/aa-part:1; optics/concaveLens:1; optics/torch:1; optics/lamp:1,
Optics,Diverging Lenses 2,Optics/Diverging Lenses 2.cxp,25810,3,41,0,optics/raySegment:30; motion/origin:4; optics/rayBox:3; optics/concaveLens:2; optics/opticalSpace:1; optics/aa-part:1,
Optics,Eye,Optics/Eye.cxp,79122,3,10,0,motion/origin:4; optics/aa-part:1; optics/opaqueBlock:1; presentation/image:1; optics/nearAxisObject:1; optics/opticsGraphic:1; optics/convexLens:1,
Optics,Far or Long Sightedness,Optics/Far or Long Sightedness.cxp,113450,3,105,0,optics/beamSegment:46; optics/fadedPolygon:46; motion/origin:4; optics/convexLens:2; optics/opticalSpace:1; optics/opaqueBlock:1; optics/aa-part:1; presentation/image:1; optics/lamp:1; optics/concaveLens:1; presentation/text:1,
Optics,Focal Point - Convering Lens,Optics/Focal Point - Convering Lens.cxp,35216,3,8,0,motion/origin:4; optics/aa-part:1; optics/convexLens:1; optics/farAxisObject:1; optics/opticsGraphic:1,
Optics,Focal Point - Diverging Lens,Optics/Focal Point - Diverging Lens.cxp,35269,3,8,0,motion/origin:4; optics/aa-part:1; optics/farAxisObject:1; optics/opticsGraphic:1; optics/concaveLens:1,
Optics,Galilean Telescope,Optics/Galilean Telescope.cxp,91243,3,309,0,optics/raySegment:294; optics/axisImage:6; motion/origin:4; optics/opticalSpace:1; optics/aa-part:1; optics/convexLens:1; optics/concaveLens:1; optics/farAxisObject:1,
Optics,Lens Formula,Optics/Lens Formula.cxp,46131,3,9,0,motion/origin:4; optics/aa-part:1; optics/nearAxisObject:1; optics/opticsGraphic:1; optics/convexLens:1; presentation/text:1,
Optics,Lenses & Mirrors,Optics/Lenses & Mirrors.cxp,57454,3,12,0,motion/origin:4; optics/nearAxisObject:2; optics/opticsGraphic:2; optics/aa-part:1; optics/convexLens:1; optics/concaveMirror:1; presentation/text:1,
Optics,Lenses,Optics/Lenses.cxp,39811,1,10,8,presentation/parttray/2d:1; presentation/instructions:1; presentation/reload:1; presentation/pause:1; presentation/text:1; optics/aa-part:1; optics/nearAxisObject:1; optics/opticsGraphic:1; optics/concaveLens:1; optics/convexLens:1,In this kit you will learn the nature of images produced by convex (converging) and concave (diverging) lenses.
Optics,Light from Distant Objects,Optics/Light from Distant Objects.cxp,70667,3,33,0,optics/beamSegment:11; optics/fadedPolygon:11; motion/origin:4; optics/opticalSpace:1; optics/opaqueBlock:1; optics/aa-part:1; presentation/image:1; optics/torch:1; optics/convexLens:1; presentation/text:1,
Optics,Light from Nearby Objects,Optics/Light from Nearby Objects.cxp,78914,3,53,0,optics/beamSegment:21; optics/fadedPolygon:21; motion/origin:4; optics/opticalSpace:1; optics/opaqueBlock:1; optics/aa-part:1; presentation/image:1; optics/lamp:1; optics/convexLens:1; presentation/text:1,
Optics,Magnification,Optics/Magnification.cxp,38774,1,10,6,presentation/instructions:1; presentation/reload:1; presentation/pause:1; presentation/text:1; optics/aa-part:1; optics/nearAxisObject:1; optics/opticsGraphic:1; presentation/parttray/2d:1; optics/concaveMirror:1; optics/convexLens:1,In this kit you will learn about ray diagrams of magnification for a convex lens and a concave mirror.
Optics,Magnifying glass,Optics/Magnifying glass.cxp,75600,1,17,5,optics/convexLens:4; presentation/parttray/2d:2; optics/opticsGraphic:2; presentation/instructions:1; presentation/reload:1; presentation/pause:1; presentation/text:1; optics/aa-part:1; optics/nearAxisObject:1; optics/eye:1; presentation/image:1; optics/concaveLens:1,In this kit you will learn how the focal length of a lens affects the magnification of a magnifying glass.
Optics,Microscope,Optics/Microscope.cxp,192030,3,12,0,motion/origin:4; optics/convexLens:2; optics/opticsGraphic:2; optics/aa-part:1; presentation/image:1; optics/nearAxisObject:1; optics/eye:1,
Optics,Mirrors and reflection,Optics/Mirrors and reflection.cxp,121811,1,20,5,optics/opticsGraphic:6; optics/nearAxisObject:5; presentation/parttray/2d:1; presentation/instructions:1; presentation/reload:1; presentation/pause:1; presentation/text:1; optics/aa-part:1; optics/planeMirror:1; optics/eye:1; presentation/protractor:1,In this kit you will learn how an image is formed in a reflection.
Optics,Near or Short Sightedness,Optics/Near or Short Sightedness.cxp,225467,3,253,0,optics/beamSegment:120; optics/fadedPolygon:120; motion/origin:4; optics/convexLens:2; optics/opticalSpace:1; optics/opaqueBlock:1; optics/aa-part:1; optics/torch:1; optics/concaveLens:1; presentation/image:1; presentation/text:1,
Optics,Nearby Object,Optics/Nearby Object.cxp,31228,3,8,0,motion/origin:4; optics/aa-part:1; optics/nearAxisObject:1; optics/opticsGraphic:1; optics/convexLens:1,
Optics,Newtonian Reflecting Telescope,Optics/Newtonian Reflecting Telescope.cxp,90566,3,122,0,optics/raySegment:108; motion/origin:4; optics/planeMirror:2; optics/axisImage:2; optics/opticalSpace:1; optics/aa-part:1; optics/concaveMirror:1; optics/convexLens:1; optics/farAxisObject:1; optics/opticsGraphic:1,
Optics,Object - Between F and the Lens,Optics/Object - Between F and the Lens.cxp,83435,3,404,0,optics/raySegment:390; motion/origin:4; optics/axisImage:3; presentation/text:2; optics/opticalSpace:1; optics/aa-part:1; optics/nearAxisObject:1; optics/convexLens:1; optics/eye:1,
Optics,Object at 2F,Optics/Object at 2F.cxp,42765,3,11,0,motion/origin:4; optics/opticsGraphic:2; optics/aa-part:1; optics/nearAxisObject:1; optics/convexLens:1; optics/projection:1; presentation/text:1,
Optics,Object at F,Optics/Object at F.cxp,42937,3,9,0,motion/origin:4; optics/aa-part:1; optics/nearAxisObject:1; optics/opticsGraphic:1; optics/convexLens:1; presentation/text:1,
Optics,Object between F and 2F,Optics/Object between F and 2F.cxp,103629,3,659,0,optics/raySegment:641; optics/axisImage:8; motion/origin:4; optics/opticalSpace:1; optics/aa-part:1; optics/convexLens:1; optics/nearAxisObject:1; optics/projection:1; presentation/text:1,
Optics,Object beyond 2F,Optics/Object beyond 2F.cxp,49503,3,250,0,optics/raySegment:237; motion/origin:4; optics/axisImage:3; optics/opticalSpace:1; optics/aa-part:1; optics/nearAxisObject:1; optics/convexLens:1; optics/projection:1; presentation/text:1,
Optics,Periscopes,Optics/Periscopes.cxp,62517,1,16,4,optics/planeMirror:6; optics/opticsGraphic:2; presentation/parttray/2d:1; presentation/instructions:1; presentation/reload:1; presentation/pause:1; presentation/text:1; optics/aa-part:1; optics/eye:1; optics/nearAxisObject:1,In this kit you will use your knowledge of reflection to build a periscope.
Optics,Principle of Additivity,Optics/Principle of Additivity.cxp,55455,3,12,0,motion/origin:4; optics/convexLens:3; optics/nearAxisObject:2; optics/opticsGraphic:2; optics/aa-part:1,
Optics,Principle of Reversibility,Optics/Principle of Reversibility.cxp,55194,3,11,0,motion/origin:4; optics/nearAxisObject:2; optics/opticsGraphic:2; optics/convexLens:2; optics/aa-part:1,
Optics,Prism,Optics/Prism.cxp,106824,3,476,0,optics/beamSegment:232; optics/fadedPolygon:232; motion/origin:4; optics/prism:3; optics/torch:3; optics/opticalSpace:1; optics/aa-part:1,
Optics,Rainbow,Optics/Rainbow.cxp,53773,3,22,0,optics/torch:7; waves/1d/wavespace/propagation:7; motion/origin:4; optics/opticalSpace:1; optics/aa-part:1; optics/beamSegment:1; presentation/text:1,
Optics,Reflecting Telescope,Optics/Reflecting Telescope.cxp,251239,3,104,0,optics/raySegment:85; motion/origin:4; optics/axisImage:4; optics/concaveMirror:2; optics/farAxisObject:2; optics/opticsGraphic:2; optics/opticalSpace:1; optics/aa-part:1; presentation/image:1; optics/convexLens:1; optics/convexMirror:1,
Optics,Refracting Telescope,Optics/Refracting Telescope.cxp,288163,3,165,0,optics/raySegment:150; motion/origin:4; optics/convexLens:2; optics/opticsGraphic:2; optics/axisImage:2; optics/opticalSpace:1; optics/aa-part:1; presentation/image:1; optics/farAxisObject:1; optics/eye:1,
Optics,Refraction,Optics/Refraction.cxp,55906,1,13,4,optics/transparentBlock:5; presentation/parttray/2d:1; presentation/instructions:1; presentation/reload:1; presentation/pause:1; presentation/text:1; optics/aa-part:1; optics/rayBox:1; presentation/protractor:1,In this kit you will learn about optical refraction.
Optics,Satellite Dish,Optics/Satellite Dish.cxp,30156,3,63,0,optics/raySegment:55; motion/origin:4; optics/opticalSpace:1; optics/aa-part:1; optics/rayBox:1; optics/parabolicMirror:1,
Optics,Shadows 1,Optics/Shadows 1.cxp,51789,3,20,0,motion/origin:4; optics/opaqueBall:4; optics/beamSegment:3; optics/fadedPolygon:3; optics/opaqueBlock:2; optics/opticalSpace:1; optics/aa-part:1; optics/lamp:1; presentation/text:1,
Optics,Shadows 2,Optics/Shadows 2.cxp,26240,3,21,0,optics/beamSegment:6; optics/fadedPolygon:6; motion/origin:4; optics/lamp:2; optics/opticalSpace:1; optics/aa-part:1; optics/opaqueBall:1,
Optics,Solar eclipse,Optics/Solar eclipse.cxp,124166,3,130,0,optics/beamSegment:57; optics/fadedPolygon:57; optics/lamp:7; motion/origin:4; optics/opaqueBall:2; optics/opticalSpace:1; optics/aa-part:1; presentation/image:1,
Optics,Spectrometer,Optics/Spectrometer.cxp,37626,3,108,0,optics/beamSegment:48; optics/fadedPolygon:48; motion/origin:4; optics/torch:4; optics/opticalSpace:1; optics/aa-part:1; optics/prism:1; presentation/text:1,
Optics,Split Combine Ray,Optics/Split Combine Ray.cxp,57368,3,342,0,optics/raySegment:333; motion/origin:4; optics/opticalSpace:1; optics/aa-part:1; optics/rayBox:1; optics/prism:1; presentation/text:1,
Optics,Telescope (simple),Optics/Telescope (simple).cxp,150486,1,13,5,optics/opticsGraphic:2; optics/convexLens:2; presentation/parttray/2d:1; presentation/instructions:1; presentation/reload:1; presentation/pause:1; presentation/text:1; optics/aa-part:1; optics/eye:1; optics/farAxisObject:1; optics/concaveLens:1,In this kit you will explore how a simple telescope may be used to magnify a distant image.
Optics,Total Internal Reflection,Optics/Total Internal Reflection.cxp,32114,3,11,0,motion/origin:4; optics/prism:2; optics/opticalSpace:1; optics/aa-part:1; optics/opaqueBall:1; optics/rayBox:1; presentation/text:1,
Optics,camera,Optics/camera.cxp,194518,1,18,5,optics/opticsGraphic:2; presentation/parttray/2d:1; presentation/instructions:1; presentation/reload:1; presentation/pause:1; presentation/text:1; optics/aa-part:1; optics/opaqueBlock:1; presentation/image:1; optics/nearAxisObject:1; optics/projection:1; optics/physics_kits/7cmconvex:1,In this kit you will learn how a camera uses a lens to focus an image onto the film.
Tutorials,Drag and buoyancy,Tutorials/Drag and buoyancy.cxp,45820,1,12,8,motion/origin:2; presentation/instructions:1; presentation/reload:1; presentation/pause:1; presentation/text:1; motion/concrete-ball2:1; motion/glass-ball2:1; motion/ice-ball2:1; presentation/parttray/2d:1; motion/wood-ball2:1; motion/rubber-ground:1,Experiment with new simulations of drag and buoyancy.
Tutorials,Plotting a graph,Tutorials/Plotting a graph.cxp,36746,1,17,12,presentation/trace:4; presentation/grid:2; presentation/axis:2; presentation/instructions:1; presentation/reload:1; presentation/pause:1; presentation/text:1; motion/origin:1; motion/ideal-inelastic-ball:1; presentation/graph:1; presentation/cliprect:1; presentation/parttray/2d:1,Learn how to graph the motion of a ball against time.
Tutorials,Setting up a motion experiment,Tutorials/Setting up a motion experiment.cxp,36093,1,9,10,motion/origin:2; presentation/instructions:1; presentation/reload:1; presentation/pause:1; presentation/text:1; motion/ideal-inelastic-ground:1; motion/ideal-elastic-ball:1; presentation/parttray/2d:1,"Learn how to set up a motion simulation, giving a ball a velocity and making a pendulum."
Tutorials,Setting up a simple circuit,Tutorials/Setting up a simple circuit.cxp,42759,1,15,9,presentation/instructions:1; presentation/reload:1; presentation/pause:1; presentation/text:1; motion/origin:1; electronics/battery:1; electronics/filament-lamp:1; electronics/spst:1; electronics/fuse:1; electronics/resistor:1; electronics/diode:1; electronics/buzzer:1,Learn how to create a simple circuit.
Tutorials,Setting up a simple ray diagram,Tutorials/Setting up a simple ray diagram.cxp,36025,1,12,9,optics/opticsGraphic:2; presentation/instructions:1; presentation/reload:1; presentation/pause:1; presentation/text:1; motion/origin:1; optics/aa-part:1; optics/convexLens:1; optics/projection:1; optics/nearAxisObject:1; presentation/parttray/2d:1,"Learn how to set up a simple ray diagram using a lens, near object marker and screen."
Tutorials,Setting up a waves experiment,Tutorials/Setting up a waves experiment.cxp,55890,1,21,11,waves/image:5; presentation/instructions:1; presentation/reload:1; presentation/pause:1; presentation/text:1; motion/origin:1; waves/water-wavespace2-holder:1; waves/wavespace-plot:1; waves/sloped-block-obstacle:1; waves/circular-obstacle:1; waves/plane-reflector:1; waves/point-source:1,Learn how to set up a wave experiment to demonstrate refraction.
Tutorials,Using lesson kits,Tutorials/Using lesson kits.cxp,38244,1,11,7,presentation/instructions:1; presentation/reload:1; presentation/pause:1; presentation/text:1; motion/origin:1; presentation/parttray/2d:1; motion/ideal-inelastic-ball:1; presentation/spinbox:1; waves/1d/wavespace/propagation:1; waves/1d/source-wave:1; waves/1d/longitudinal-wave:1,Learn how to use lesson kits. Press the right-hand arrow on these instructions to continue. Notice the highlighting indicates what to interact with at each step of the instructions.
Tutorials,Using parts,Tutorials/Using parts.cxp,30206,1,7,9,presentation/instructions:1; presentation/reload:1; presentation/pause:1; presentation/text:1; motion/cart:1; motion/origin:1; presentation/parttray/2d:1,"Discover how to select, rotate, resize and find the help for a part."
Tutorials,Using presentation parts,Tutorials/Using presentation parts.cxp,51202,1,18,9,waves/image:2; presentation/spinbox:2; presentation/instructions:1; presentation/reload:1; presentation/pause:1; presentation/text:1; motion/origin:1; waves/sound-wavespace2-holder:1; waves/wavespace-plot:1; waves/line-source:1; waves/single-slit-obstacle:1; waves/detector:1,Learn how presentation parts can be used to display and control properties in the simulation.
Waves,AM Radio,Waves/AM Radio.cxp,19386,3,5,0,motion/origin:3; waves/1d/wavespace/interference:1; presentation/text:1,
Waves,Absorption of radiation,Waves/Absorption of radiation.cxp,88770,1,27,5,waves/image:9; waves/rect-obstacle:8; presentation/instructions:1; presentation/reload:1; presentation/pause:1; presentation/text:1; waves/em-wavespace2-holder:1; waves/wavespace-plot:1; waves/point-source:1; waves/detector:1; presentation/spinbox:1; presentation/parttray/2d:1,In this kit you will learn how much X-rays and gamma radiation are stopped by different materials.
Waves,Basic Wave Properties,Waves/Basic Wave Properties.cxp,46206,1,14,0,waves/1d/wavespace/propagation:4; waves/1d/source-wave:4; waves/1d/longitudinal-wave:4; presentation/text:2,
Waves,Diffraction around Hill,Waves/Diffraction around Hill.cxp,402707,3,14,0,motion/origin:4; waves/image:2; presentation/spinbox:2; waves/em-wavespace:1; waves/wavespace-plot:1; waves/sloped-block-obstacle:1; waves/detector:1; waves/point-source:1; presentation/text:1,
Waves,Diffraction,Waves/Diffraction.cxp,57850,1,17,5,waves/single-slit-obstacle:4; waves/image:4; presentation/parttray/2d:1; presentation/instructions:1; presentation/reload:1; presentation/pause:1; presentation/text:1; motion/origin:1; waves/water-wavespace2-holder:1; waves/wavespace-plot:1; waves/line-source:1,In this kit you will learn about diffraction.
Waves,Doppler shift,Waves/Doppler shift.cxp,130391,1,22,7,presentation/trace:4; presentation/grid:2; presentation/axis:2; presentation/spinbox:2; presentation/parttray/2d:1; presentation/instructions:1; presentation/reload:1; presentation/pause:1; presentation/text:1; presentation/graph:1; presentation/cliprect:1; waves/sound-wavespace2-holder:1,In this kit you will learn about Doppler shift.
Waves,Electromagnetic spectrum,Waves/Electromagnetic spectrum.cxp,40741,1,11,7,presentation/spinbox:3; presentation/instructions:1; presentation/reload:1; presentation/pause:1; presentation/text:1; waves/1d/wavespace/propagation:1; waves/1d/source-wave:1; waves/1d/longitudinal-wave:1; presentation/parttray/2d:1,In this kit you will learn that the electromagnetic spectrum is a continuous range of frequencies this is split into eight main types of electromagnetic waves classified according to their wavelengths.
Waves,Harmonic Frequency - Harmonic,Waves/Harmonic Frequency - Harmonic.cxp,25635,3,12,0,waves/1d/wavespace/plucking:3; waves/1d/plucking-wave:3; presentation/dropdown:3; presentation/spinbox:3,
Waves,Harmonic Frequency - Tension,Waves/Harmonic Frequency - Tension.cxp,26678,3,12,0,presentation/spinbox:6; waves/1d/wavespace/plucking:3; waves/1d/plucking-wave:3,
Waves,Interference,Waves/Interference.cxp,58594,1,17,5,waves/double-slit-obstacle:4; waves/image:4; presentation/parttray/2d:1; presentation/instructions:1; presentation/reload:1; presentation/pause:1; presentation/text:1; motion/origin:1; waves/water-wavespace2-holder:1; waves/wavespace-plot:1; waves/line-source:1,In this kit you will learn about interference using water waves travelling through a double slit.
Waves,Jet plane sonic wake,Waves/Jet plane sonic wake.cxp,174343,3,9,0,motion/origin:4; waves/sound-wavespace:1; waves/wavespace-plot:1; waves/moving-point-source:1; presentation/text:1; presentation/pause:1,
Waves,Loudness and pitch,Waves/Loudness and pitch.cxp,56437,1,16,4,motion/origin:3; presentation/spinbox:2; presentation/instructions:1; presentation/reload:1; presentation/pause:1; presentation/text:1; waves/sound-wavespace2-holder:1; waves/wavespace-plot:1; waves/cross-section:1; waves/physics_kits/manDetect:1; waves/image:1; waves/line-source:1,In this kit you will learn about loudness and pitch and their relationship with the shape of the sound wave.
Waves,Measuring Distance,Waves/Measuring Distance.cxp,17205,3,5,0,motion/origin:3; waves/1d/wavespace/reflection:1; presentation/text:1,
Waves,Penetration of Gamma Rays,Waves/Penetration of Gamma Rays.cxp,46650,3,9,0,motion/origin:3; waves/1d/wavespace/penetration:3; presentation/text:3,
Waves,Penetration of X-Rays,Waves/Penetration of X-Rays.cxp,45780,3,9,0,motion/origin:3; waves/1d/wavespace/penetration:3; presentation/text:3,
Waves,Pulse Reflection,Waves/Pulse Reflection.cxp,19951,3,5,0,motion/origin:3; waves/1d/wavespace/pinned:1; waves/1d/wavespace/reflection:1,
Waves,Reflection Type,Waves/Reflection Type.cxp,27675,3,15,0,waves/1d/virtual-wave:4; motion/origin:3; waves/1d/source-wave:2; waves/1d/longitudinal-wave:2; presentation/text:2; waves/1d/wavespace/reflection:1; waves/1d/wavespace/pinned:1,
Waves,Reflection and refraction,Waves/Reflection and refraction.cxp,49751,1,16,6,waves/image:3; waves/plane-reflector:2; presentation/parttray/2d:1; presentation/instructions:1; presentation/reload:1; presentation/pause:1; presentation/text:1; motion/origin:1; waves/water-wavespace2-holder:1; waves/wavespace-plot:1; waves/line-source:1; waves/sloped-block-obstacle:1,In this kit you will learn about reflection and refraction of water waves.
Waves,Setting Node Position,Waves/Setting Node Position.cxp,28160,3,9,0,motion/origin:3; waves/1d/wavespace/pinned:3; presentation/text:3,
Waves,Simple Harmonic Motion 1,Waves/Simple Harmonic Motion 1.cxp,45568,3,29,0,presentation/trace:8; presentation/grid:4; presentation/axis:4; motion/origin:3; presentation/graph:2; presentation/cliprect:2; motion/ideal-elastic-ground:1; waves/1d/wavespace/propagation:1; waves/1d/source-wave:1; waves/1d/longitudinal-wave:1; presentation/text:1; motion/ideal-elastic-ball:1,
Waves,Simple Harmonic Motion 2,Waves/Simple Harmonic Motion 2.cxp,43859,3,29,0,presentation/trace:8; presentation/grid:4; presentation/axis:4; motion/origin:3; presentation/graph:2; presentation/cliprect:2; waves/1d/wavespace/propagation:1; waves/1d/source-wave:1; waves/1d/longitudinal-wave:1; motion/ideal-elastic-ground:1; motion/ideal-elastic-ball:1; presentation/text:1,
Waves,Simple Harmonic Motion 3,Waves/Simple Harmonic Motion 3.cxp,39253,3,21,0,presentation/trace:4; motion/origin:3; presentation/spinbox:2; presentation/grid:2; presentation/axis:2; motion/ideal-elastic-ground:1; motion/ideal-elastic-ball:1; waves/1d/wavespace/propagation:1; waves/1d/source-wave:1; waves/1d/longitudinal-wave:1; presentation/graph:1; presentation/cliprect:1,
Waves,Sound Waves in a Pipe,Waves/Sound Waves in a Pipe.cxp,27289,3,10,0,waves/1d/virtual-wave:4; waves/1d/source-wave:2; waves/1d/longitudinal-wave:2; waves/1d/wavespace/reflection:1; waves/1d/wavespace/pinned:1,
Waves,Speed of Water Waves,Waves/Speed of Water Waves.cxp,22059,3,5,0,motion/origin:3; waves/1d/wavespace/penetration:1; presentation/text:1,
Waves,Speed of sound,Waves/Speed of sound.cxp,72150,1,22,5,waves/rect-obstacle:4; waves/image:4; presentation/spinbox:4; presentation/instructions:1; presentation/reload:1; presentation/pause:1; presentation/text:1; waves/sound-wavespace2-holder:1; waves/wavespace-plot:1; waves/point-source:1; waves/cross-section:1; waves/sound-viewer-1d:1,In this kit you will learn that the speed of sound changes in different materials.
Waves,String Harmonics,Waves/String Harmonics.cxp,20331,3,7,0,motion/origin:3; presentation/text:2; waves/1d/wavespace/plucking:1; waves/1d/wavespace/pinned:1,
Waves,Ultrasound,Waves/Ultrasound.cxp,73318,1,22,8,presentation/trace:4; waves/image:2; presentation/grid:2; presentation/axis:2; presentation/parttray/2d:1; presentation/instructions:1; presentation/reload:1; presentation/pause:1; presentation/text:1; waves/sound-wavespace2-holder:1; waves/wavespace-plot:1; waves/detector:1,In this kit you will learn how ultrasound is used for distance measurement.
