quantity,dimensions
length,"{""meter"": ""1""}"
area,"{""meter"": ""2""}"
volume,"{""meter"": ""3""}"
mass,"{""kilogram"": ""1""}"
time,"{""second"": ""1""}"
temperature,"{""kelvin"": ""1""}"
current,"{""ampere"": ""1""}"
amount,"{""mole"": ""1""}"
intensity,"{""candela"": ""1""}"
angle,{}
voltage,"{""meter"": ""2"", ""kilogram"": ""1"", ""second"": ""-3"", ""ampere"": ""-1""}"
conductance,"{""meter"": ""-2"", ""kilogram"": ""-1"", ""second"": ""3"", ""ampere"": ""2""}"
conductivity,"{""meter"": ""-3"", ""kilogram"": ""-1"", ""second"": ""3"", ""ampere"": ""2""}"
inductance,"{""meter"": ""-2"", ""kilogram"": ""-1"", ""second"": ""4"", ""ampere"": ""1""}"
resistance,"{""meter"": ""2"", ""kilogram"": ""1"", ""second"": ""-3"", ""ampere"": ""-2""}"
charge,"{""second"": ""1"", ""ampere"": ""1""}"
capacitance,"{""meter"": ""-2"", ""kilogram"": ""-1"", ""second"": ""4"", ""ampere"": ""2""}"
energy,"{""meter"": ""2"", ""kilogram"": ""1"", ""second"": ""-2""}"
power,"{""meter"": ""2"", ""kilogram"": ""1"", ""second"": ""-3""}"
force,"{""meter"": ""1"", ""kilogram"": ""1"", ""second"": ""-2""}"
frequency,"{""second"": ""-1""}"
pressure,"{""meter"": ""-1"", ""kilogram"": ""1"", ""second"": ""-2""}"
velocity,"{""meter"": ""1"", ""second"": ""-1""}"
acceleration,"{""meter"": ""1"", ""second"": ""-2""}"
angular velocity,"{""second"": ""-1""}"
angular acceleration,"{""second"": ""-2""}"
torque,"{""meter"": ""2"", ""kilogram"": ""1"", ""second"": ""-2""}"
moment of inertia,"{""meter"": ""2"", ""kilogram"": ""1""}"
momentum,"{""kilogram"": ""1"", ""meter"": ""1"", ""second"": ""-1""}"
density,"{""meter"": ""-3"", ""kilogram"": ""1""}"
electric field amplitude,"{""meter"": ""1"", ""kilogram"": ""1"", ""second"": ""-3"", ""ampere"": ""-1""}"
spring constant,"{""kilogram"": ""1"", ""second"": ""-2""}"
flow rate,"{""second"": ""-1""}"
